{
  "frames": {
    "PUexp6.png": {
      "frame": {
        "x": 1,
        "y": 1,
        "w": 750,
        "h": 749
      },
      "rotated": false,
      "trimmed": true,
      "spriteSourceSize": {
        "x": 30,
        "y": 31,
        "w": 750,
        "h": 749
      },
      "sourceSize": {
        "w": 810,
        "h": 810
      },
      "pivot": {
        "x": 0.5,
        "y": 0.5
      }
    },
    "PUexp5.png": {
      "frame": {
        "x": 1,
        "y": 752,
        "w": 736,
        "h": 735
      },
      "rotated": false,
      "trimmed": true,
      "spriteSourceSize": {
        "x": 37,
        "y": 38,
        "w": 736,
        "h": 735
      },
      "sourceSize": {
        "w": 810,
        "h": 810
      },
      "pivot": {
        "x": 0.5,
        "y": 0.5
      }
    },
    "PUexp4.png": {
      "frame": {
        "x": 753,
        "y": 1,
        "w": 720,
        "h": 720
      },
      "rotated": false,
      "trimmed": true,
      "spriteSourceSize": {
        "x": 45,
        "y": 45,
        "w": 720,
        "h": 720
      },
      "sourceSize": {
        "w": 810,
        "h": 810
      },
      "pivot": {
        "x": 0.5,
        "y": 0.5
      }
    },
    "PUexp1.png": {
      "frame": {
        "x": 753,
        "y": 723,
        "w": 300,
        "h": 300
      },
      "rotated": false,
      "trimmed": true,
      "spriteSourceSize": {
        "x": 255,
        "y": 255,
        "w": 300,
        "h": 300
      },
      "sourceSize": {
        "w": 810,
        "h": 810
      },
      "pivot": {
        "x": 0.5,
        "y": 0.5
      }
    },
    "powerUp1.png": {
      "frame": {
        "x": 1055,
        "y": 723,
        "w": 300,
        "h": 300
      },
      "rotated": false,
      "trimmed": true,
      "spriteSourceSize": {
        "x": 75,
        "y": 0,
        "w": 300,
        "h": 300
      },
      "sourceSize": {
        "w": 450,
        "h": 300
      },
      "pivot": {
        "x": 0.5,
        "y": 0.5
      }
    },
    "powerUp10.png": {
      "frame": {
        "x": 739,
        "y": 1025,
        "w": 300,
        "h": 300
      },
      "rotated": false,
      "trimmed": true,
      "spriteSourceSize": {
        "x": 75,
        "y": 0,
        "w": 300,
        "h": 300
      },
      "sourceSize": {
        "w": 450,
        "h": 300
      },
      "pivot": {
        "x": 0.5,
        "y": 0.5
      }
    },
    "powerUp2.png": {
      "frame": {
        "x": 1041,
        "y": 1025,
        "w": 300,
        "h": 300
      },
      "rotated": false,
      "trimmed": true,
      "spriteSourceSize": {
        "x": 75,
        "y": 0,
        "w": 300,
        "h": 300
      },
      "sourceSize": {
        "w": 450,
        "h": 300
      },
      "pivot": {
        "x": 0.5,
        "y": 0.5
      }
    }
  },
  "meta": {
    "app": "http://free-tex-packer.com",
    "version": "0.6.7",
    "image": "Objects-1.png",
    "format": "RGBA8888",
    "size": {
      "w": 1474,
      "h": 1488
    },
    "scale": 1
  }
}