{
  "frames": {
    "attackLarry3.png": {
      "frame": {
        "x": 1,
        "y": 1,
        "w": 42,
        "h": 45
      },
      "rotated": false,
      "trimmed": false,
      "spriteSourceSize": {
        "x": 0,
        "y": 0,
        "w": 42,
        "h": 45
      },
      "sourceSize": {
        "w": 42,
        "h": 45
      },
      "pivot": {
        "x": 0.5,
        "y": 0.5
      }
    },
    "attackLarry4.png": {
      "frame": {
        "x": 45,
        "y": 1,
        "w": 36,
        "h": 39
      },
      "rotated": false,
      "trimmed": false,
      "spriteSourceSize": {
        "x": 0,
        "y": 0,
        "w": 36,
        "h": 39
      },
      "sourceSize": {
        "w": 36,
        "h": 39
      },
      "pivot": {
        "x": 0.5,
        "y": 0.5
      }
    },
    "attackLarry1.png": {
      "frame": {
        "x": 1,
        "y": 48,
        "w": 28,
        "h": 47
      },
      "rotated": true,
      "trimmed": false,
      "spriteSourceSize": {
        "x": 0,
        "y": 0,
        "w": 28,
        "h": 47
      },
      "sourceSize": {
        "w": 28,
        "h": 47
      },
      "pivot": {
        "x": 0.5,
        "y": 0.5
      }
    },
    "punchedLarry3.png": {
      "frame": {
        "x": 50,
        "y": 42,
        "w": 24,
        "h": 44
      },
      "rotated": false,
      "trimmed": true,
      "spriteSourceSize": {
        "x": 1,
        "y": 20,
        "w": 24,
        "h": 44
      },
      "sourceSize": {
        "w": 32,
        "h": 64
      },
      "pivot": {
        "x": 0.5,
        "y": 0.5
      }
    },
    "jumpLarry2.png": {
      "frame": {
        "x": 1,
        "y": 78,
        "w": 20,
        "h": 47
      },
      "rotated": true,
      "trimmed": true,
      "spriteSourceSize": {
        "x": 7,
        "y": 17,
        "w": 20,
        "h": 47
      },
      "sourceSize": {
        "w": 32,
        "h": 64
      },
      "pivot": {
        "x": 0.5,
        "y": 0.5
      }
    },
    "idleLarry.png": {
      "frame": {
        "x": 76,
        "y": 42,
        "w": 19,
        "h": 46
      },
      "rotated": false,
      "trimmed": false,
      "spriteSourceSize": {
        "x": 0,
        "y": 0,
        "w": 19,
        "h": 46
      },
      "sourceSize": {
        "w": 19,
        "h": 46
      },
      "pivot": {
        "x": 0.5,
        "y": 0.5
      }
    },
    "punchedLarry2.png": {
      "frame": {
        "x": 97,
        "y": 1,
        "w": 19,
        "h": 45
      },
      "rotated": false,
      "trimmed": true,
      "spriteSourceSize": {
        "x": 5,
        "y": 19,
        "w": 19,
        "h": 45
      },
      "sourceSize": {
        "w": 32,
        "h": 64
      },
      "pivot": {
        "x": 0.5,
        "y": 0.5
      }
    },
    "attackLarry2.png": {
      "frame": {
        "x": 97,
        "y": 48,
        "w": 18,
        "h": 46
      },
      "rotated": false,
      "trimmed": false,
      "spriteSourceSize": {
        "x": 0,
        "y": 0,
        "w": 18,
        "h": 46
      },
      "sourceSize": {
        "w": 18,
        "h": 46
      },
      "pivot": {
        "x": 0.5,
        "y": 0.5
      }
    },
    "walkLarry1.png": {
      "frame": {
        "x": 50,
        "y": 96,
        "w": 18,
        "h": 46
      },
      "rotated": true,
      "trimmed": true,
      "spriteSourceSize": {
        "x": 8,
        "y": 18,
        "w": 18,
        "h": 46
      },
      "sourceSize": {
        "w": 32,
        "h": 64
      },
      "pivot": {
        "x": 0.5,
        "y": 0.5
      }
    },
    "walkLarry4.png": {
      "frame": {
        "x": 1,
        "y": 100,
        "w": 18,
        "h": 46
      },
      "rotated": true,
      "trimmed": true,
      "spriteSourceSize": {
        "x": 8,
        "y": 18,
        "w": 18,
        "h": 46
      },
      "sourceSize": {
        "w": 32,
        "h": 64
      },
      "pivot": {
        "x": 0.5,
        "y": 0.5
      }
    },
    "punchedLarry1.png": {
      "frame": {
        "x": 98,
        "y": 96,
        "w": 18,
        "h": 45
      },
      "rotated": false,
      "trimmed": true,
      "spriteSourceSize": {
        "x": 8,
        "y": 19,
        "w": 18,
        "h": 45
      },
      "sourceSize": {
        "w": 32,
        "h": 64
      },
      "pivot": {
        "x": 0.5,
        "y": 0.5
      }
    },
    "punchedLarry4.png": {
      "frame": {
        "x": 49,
        "y": 116,
        "w": 18,
        "h": 45
      },
      "rotated": true,
      "trimmed": true,
      "spriteSourceSize": {
        "x": 8,
        "y": 19,
        "w": 18,
        "h": 45
      },
      "sourceSize": {
        "w": 32,
        "h": 64
      },
      "pivot": {
        "x": 0.5,
        "y": 0.5
      }
    },
    "deadLarry2.png": {
      "frame": {
        "x": 1,
        "y": 120,
        "w": 37,
        "h": 22
      },
      "rotated": false,
      "trimmed": true,
      "spriteSourceSize": {
        "x": 1,
        "y": 40,
        "w": 37,
        "h": 22
      },
      "sourceSize": {
        "w": 64,
        "h": 64
      },
      "pivot": {
        "x": 0.5,
        "y": 0.5
      }
    },
    "jumpLarry4.png": {
      "frame": {
        "x": 117,
        "y": 48,
        "w": 18,
        "h": 44
      },
      "rotated": false,
      "trimmed": true,
      "spriteSourceSize": {
        "x": 10,
        "y": 20,
        "w": 18,
        "h": 44
      },
      "sourceSize": {
        "w": 32,
        "h": 64
      },
      "pivot": {
        "x": 0.5,
        "y": 0.5
      }
    },
    "deadLarry1.png": {
      "frame": {
        "x": 118,
        "y": 1,
        "w": 18,
        "h": 43
      },
      "rotated": false,
      "trimmed": true,
      "spriteSourceSize": {
        "x": 41,
        "y": 21,
        "w": 18,
        "h": 43
      },
      "sourceSize": {
        "w": 64,
        "h": 64
      },
      "pivot": {
        "x": 0.5,
        "y": 0.5
      }
    },
    "jumpLarry1&3.png": {
      "frame": {
        "x": 118,
        "y": 94,
        "w": 18,
        "h": 42
      },
      "rotated": false,
      "trimmed": true,
      "spriteSourceSize": {
        "x": 10,
        "y": 20,
        "w": 18,
        "h": 42
      },
      "sourceSize": {
        "w": 32,
        "h": 64
      },
      "pivot": {
        "x": 0.5,
        "y": 0.5
      }
    },
    "punchedLarry5.png": {
      "frame": {
        "x": 40,
        "y": 136,
        "w": 18,
        "h": 42
      },
      "rotated": true,
      "trimmed": true,
      "spriteSourceSize": {
        "x": 8,
        "y": 22,
        "w": 18,
        "h": 42
      },
      "sourceSize": {
        "w": 32,
        "h": 64
      },
      "pivot": {
        "x": 0.5,
        "y": 0.5
      }
    },
    "crouchLarry1.png": {
      "frame": {
        "x": 84,
        "y": 143,
        "w": 17,
        "h": 43
      },
      "rotated": true,
      "trimmed": true,
      "spriteSourceSize": {
        "x": 7,
        "y": 21,
        "w": 17,
        "h": 43
      },
      "sourceSize": {
        "w": 32,
        "h": 64
      },
      "pivot": {
        "x": 0.5,
        "y": 0.5
      }
    },
    "crouchLarry2.png": {
      "frame": {
        "x": 137,
        "y": 46,
        "w": 18,
        "h": 38
      },
      "rotated": false,
      "trimmed": true,
      "spriteSourceSize": {
        "x": 7,
        "y": 26,
        "w": 18,
        "h": 38
      },
      "sourceSize": {
        "w": 32,
        "h": 64
      },
      "pivot": {
        "x": 0.5,
        "y": 0.5
      }
    },
    "crouchLarry3.png": {
      "frame": {
        "x": 129,
        "y": 138,
        "w": 20,
        "h": 32
      },
      "rotated": true,
      "trimmed": true,
      "spriteSourceSize": {
        "x": 7,
        "y": 32,
        "w": 20,
        "h": 32
      },
      "sourceSize": {
        "w": 32,
        "h": 64
      },
      "pivot": {
        "x": 0.5,
        "y": 0.5
      }
    },
    "walkLarry2.png": {
      "frame": {
        "x": 138,
        "y": 86,
        "w": 11,
        "h": 46
      },
      "rotated": false,
      "trimmed": true,
      "spriteSourceSize": {
        "x": 10,
        "y": 18,
        "w": 11,
        "h": 46
      },
      "sourceSize": {
        "w": 32,
        "h": 64
      },
      "pivot": {
        "x": 0.5,
        "y": 0.5
      }
    },
    "walkLarry5.png": {
      "frame": {
        "x": 151,
        "y": 86,
        "w": 11,
        "h": 46
      },
      "rotated": false,
      "trimmed": true,
      "spriteSourceSize": {
        "x": 10,
        "y": 18,
        "w": 11,
        "h": 46
      },
      "sourceSize": {
        "w": 32,
        "h": 64
      },
      "pivot": {
        "x": 0.5,
        "y": 0.5
      }
    },
    "walkLarry3.png": {
      "frame": {
        "x": 1,
        "y": 156,
        "w": 10,
        "h": 46
      },
      "rotated": true,
      "trimmed": true,
      "spriteSourceSize": {
        "x": 11,
        "y": 18,
        "w": 10,
        "h": 46
      },
      "sourceSize": {
        "w": 32,
        "h": 64
      },
      "pivot": {
        "x": 0.5,
        "y": 0.5
      }
    },
    "walkLarry6.png": {
      "frame": {
        "x": 49,
        "y": 162,
        "w": 9,
        "h": 46
      },
      "rotated": true,
      "trimmed": true,
      "spriteSourceSize": {
        "x": 11,
        "y": 18,
        "w": 9,
        "h": 46
      },
      "sourceSize": {
        "w": 32,
        "h": 64
      },
      "pivot": {
        "x": 0.5,
        "y": 0.5
      }
    },
    "deadLarry3.png": {
      "frame": {
        "x": 97,
        "y": 162,
        "w": 47,
        "h": 8
      },
      "rotated": false,
      "trimmed": true,
      "spriteSourceSize": {
        "x": 3,
        "y": 56,
        "w": 47,
        "h": 8
      },
      "sourceSize": {
        "w": 64,
        "h": 64
      },
      "pivot": {
        "x": 0.5,
        "y": 0.5
      }
    }
  },
  "meta": {
    "app": "http://free-tex-packer.com",
    "version": "0.6.7",
    "image": "Larry.png",
    "format": "RGBA8888",
    "size": {
      "w": 163,
      "h": 172
    },
    "scale": 1
  }
}